{
    "image_size": [1280, 720],
    "K_left": [
        [1102.3, 0.2, 640.5],
        [0.0, 1101.9, 360.8],
        [0.0, 0.0, 1.0]
    ],
    "D_left": [
        [0.008, -0.096, 0.0001, -0.00005, 0.0]
    ],
    "K_right": [
        [1105.7, -0.3, 639.6],
        [0.0, 1104.3, 361.2],
        [0.0, 0.0, 1.0]
    ],
    "D_right": [
        [0.012, -0.198, 0.0002, -0.0001, 0.0]
    ],
    "R": [
        [0.99998, -0.0009, 0.0032],
        [0.0008, 0.99999, 0.0005],
        [-0.0032, -0.0005, 0.99999]
    ],
    "T": [
        [0.1500],
        [0.0003],
        [0.0006]
    ],
    "E": [
        [0.0000, -0.0006, 0.0003],
        [0.0005, -0.0001, -0.1500],
        [-0.0003, 0.1494, -0.0000]
    ],
    "F": [
        [3.1e-08, -3.4e-06, 0.0002],
        [3.5e-06, 6.1e-08, -0.0038],
        [-0.0004, 0.0037, 1.00002]
    ],
    "R1": [
        [0.9999, 0.0018, -0.0023],
        [-0.0017, 0.9999, 0.0014],
        [0.0023, -0.0013, 0.9999]
    ],
    "R2": [
        [0.9999, 0.0027, 0.0024],
        [-0.0026, 0.9999, -0.0015],
        [-0.0025, 0.0014, 0.9999]
    ],
    "P1": [
        [1102.3, 0.0, 640.5, 0.0],
        [0.0, 1101.9, 360.8, 0.0],
        [0.0, 0.0, 1.0, 0.0]
    ],
    "P2": [
        [1105.7, 0.0, 639.6, -165.9],
        [0.0, 1104.3, 361.2, 0.4],
        [0.0, 0.0, 1.0, 0.0]
    ],
    "Q": [
        [1.0, 0.0, 0.0, -639.6],
        [0.0, 1.0, 0.0, -361.2],
        [0.0, 0.0, 0.0, 1104.3],
        [0.0, 0.0, -6.6667, 0.033]
    ],
    "error_left": 0.0061,
    "error_right": 0.0058,
    "stereo_error": 10.22
}
