{
    "image_size": [
        1280,
        720
    ],
    "K_left": [
        [
            1059.8277902213879,
            0.0,
            646.1822465614557
        ],
        [
            0.0,
            1059.3906988780434,
            405.3576734188881
        ],
        [
            0.0,
            0.0,
            1.0
        ]
    ],
    "D_left": [
        [
            0.03358750411445104,
            -0.3822642381640988,
            0.0,
            0.0,
            0.0
        ]
    ],
    "K_right": [
        [
            1222.906886237579,
            0.0,
            635.6428999534918
        ],
        [
            0.0,
            1220.458228003505,
            354.1810458852429
        ],
        [
            0.0,
            0.0,
            1.0
        ]
    ],
    "D_right": [
        [
            0.0625946167065353,
            -0.8689477225649022,
            0.0,
            0.0,
            0.0
        ]
    ],
    "R": [
        [
            0.9975350388808258,
            -0.03532767288874143,
            0.0606283904890718
        ],
        [
            0.03203488570353058,
            0.9980025141755102,
            0.05444949767740863
        ],
        [
            -0.06243086018141204,
            -0.052373058222968796,
            0.9966741947443921
        ]
    ],
    "T": [
        [
            0.0037449223090066817
        ],
        [
            -0.006602543366174577
        ],
        [
            0.08907509351609014
        ]
    ],
    "E": [
        [
            -0.0024413079780838906,
            -0.08855137189134031,
            -0.011430678690266281
        ],
        [
            0.08908932559495002,
            -0.0029506827321403835,
            0.0016680121258345563
        ],
        [
            0.006706236511626927,
            0.00350418938750668,
            0.000604210715991798
        ]
    ],
    "F": [
        [
            8.127470062506002e-07,
            2.949220537306221e-05,
            -0.0084469638724044
        ],
        [
            -2.9718641312513737e-05,
            9.847022757260971e-07,
            0.018214792744285287
        ],
        [
            0.007278895947350881,
            -0.02052250038145455,
            0.9999999999999999
        ]
    ],
    "R1": [
        [
            0.9997305949387029,
            -0.007297322168230696,
            0.022033761201405835
        ],
        [
            0.02278414227903835,
            0.12737195403112353,
            -0.9915932977722782
        ],
        [
            0.004429492534824437,
            0.991828177869265,
            0.12750390260857716
        ]
    ],
    "R2": [
        [
            0.998859966781115,
            0.025943236701900844,
            -0.04007137671030662
        ],
        [
            -0.04189048013670717,
            0.07385566078828648,
            -0.996388743936543
        ],
        [
            -0.02289005102541932,
            0.9969314368796657,
            0.07485823752332796
        ]
    ],
    "P1": [
        [
            7.202935260984554,
            0.0,
            579.4162750244141,
            0.0
        ],
        [
            0.0,
            7.202935260984554,
            -329.7326965332031,
            0.0
        ],
        [
            0.0,
            0.0,
            1.0,
            0.0
        ]
    ],
    "P2": [
        [
            7.202935260984554,
            0.0,
            579.4162750244141,
            0.0
        ],
        [
            0.0,
            7.202935260984554,
            -329.7326965332031,
            -0.6439275191203926
        ],
        [
            0.0,
            0.0,
            1.0,
            0.0
        ]
    ],
    "Q": [
        [
            1.0,
            0.0,
            0.0,
            -579.4162750244141
        ],
        [
            0.0,
            1.0,
            0.0,
            329.7326965332031
        ],
        [
            0.0,
            0.0,
            0.0,
            7.202935260984554
        ],
        [
            0.0,
            0.0,
            11.18594103700334,
            -0.0
        ]
    ],
    "error_left": 0.020661778572482272,
    "error_right": 0.019563721491608902,
    "stereo_error": 45.880933957235975
}
